edit,footprint_mb,logs_mb,malloc_less_logs_mb,checkpoints,reloc
0,745.6,263.8,207.5,802,0
25,554.0,358.9,250.2,1473,15797
50,496.5,594.2,305.7,3187,60933
75,436.7,673.9,395.0,4303,137219
100,435.2,679.2,410.5,4326,215435
125,384.6,616.0,414.3,3572,279545
150,406.0,618.0,444.2,3573,337949
175,423.5,626.2,471.7,3604,368335
200,444.3,665.5,509.0,4105,431512
225,445.9,673.6,523.4,4127,496918
250,447.9,684.4,549.1,4298,569522
275,672.3,689.9,572.3,4320,624456
300,678.4,696.8,580.2,4349,637514
325,658.1,595.3,591.7,3268,692653
350,644.7,607.6,616.7,3411,766852
375,628.1,612.8,633.3,3434,817108
400,634.5,609.2,650.4,3413,867555
425,639.7,615.5,661.5,3435,899141
450,641.3,623.4,671.4,3472,945208
475,697.2,631.6,729.5,3498,1013179
500,740.1,611.2,770.5,3485,1077535
525,722.6,616.9,798.6,3571,1155049
550,778.1,675.5,843.8,4332,1231706
575,701.8,685.1,863.7,4357,1339879
600,1005.8,693.8,880.5,4377,1417650
625,1040.2,704.8,910.2,4452,1467795
650,1044.5,714.7,920.0,4473,1480448
675,962.3,581.7,895.8,3069,1518969
700,957.0,581.5,910.2,3015,1573748
725,908.3,585.4,930.5,3023,1622431
750,915.9,586.2,945.4,3026,1672632
775,905.3,587.7,961.9,3024,1722647
800,922.0,591.4,974.3,3033,1781451
825,998.5,676.2,1049.1,4293,1869058
850,991.3,683.0,1063.8,4308,1940740
875,969.7,692.4,1087.2,4337,2024395
900,974.9,693.5,1099.5,4332,2081994
925,938.8,699.0,1107.8,4349,2101139
950,960.9,705.0,1123.3,4377,2127362
975,995.9,711.8,1153.0,4402,2168310
1000,1142.3,738.6,1184.2,4745,2238894
